time,cars_on_campus
0.0,7
1.0,7
2.0,7
3.0,7
4.0,7
5.0,14
6.0,14
7.0,14
8.0,14
9.0,14
10.0,21
11.0,21
12.0,21
13.0,20
14.0,20
15.0,27
16.0,27
17.0,27
18.0,27
19.0,27
20.0,34
21.0,33
22.0,33
23.0,32
24.0,32
25.0,38
26.0,38
27.0,38
28.0,38
29.0,38
30.0,44
31.0,44
32.0,44
33.0,43
34.0,43
35.0,50
36.0,50
37.0,49
38.0,49
39.0,48
40.0,55
41.0,54
42.0,54
43.0,52
44.0,52
45.0,59
46.0,59
47.0,59
48.0,58
49.0,58
50.0,64
51.0,64
52.0,64
53.0,63
54.0,63
55.0,70
56.0,70
57.0,69
58.0,68
59.0,67
60.0,74
61.0,71
62.0,71
63.0,71
64.0,70
65.0,77
66.0,77
67.0,77
68.0,76
69.0,75
70.0,82
71.0,82
72.0,81
73.0,81
74.0,80
75.0,85
76.0,84
77.0,84
78.0,83
79.0,83
80.0,90
81.0,89
82.0,87
83.0,86
84.0,86
85.0,92
86.0,91
87.0,91
88.0,90
89.0,89
90.0,96
91.0,95
92.0,94
93.0,93
94.0,93
95.0,99
96.0,98
97.0,98
98.0,97
99.0,96
100.0,103
101.0,101
102.0,100
103.0,100
104.0,99
105.0,105
106.0,103
107.0,102
108.0,102
109.0,101
110.0,106
111.0,106
112.0,105
113.0,105
114.0,105
115.0,111
116.0,109
117.0,109
118.0,109
119.0,107
120.0,113
121.0,113
122.0,113
123.0,111
124.0,111
125.0,118
126.0,117
127.0,115
128.0,114
129.0,114
130.0,120
131.0,119
132.0,119
133.0,118
134.0,118
135.0,125
136.0,124
137.0,123
138.0,123
139.0,120
140.0,126
141.0,126
142.0,125
143.0,123
144.0,122
145.0,129
146.0,128
147.0,127
148.0,126
149.0,126
150.0,130
151.0,129
152.0,128
153.0,128
154.0,127
155.0,131
156.0,131
157.0,130
158.0,130
159.0,128
160.0,135
161.0,135
162.0,131
163.0,131
164.0,130
165.0,137
166.0,134
167.0,133
168.0,132
169.0,130
170.0,137
171.0,136
172.0,135
173.0,134
174.0,133
175.0,140
176.0,140
177.0,137
178.0,136
179.0,136
180.0,140
181.0,138
182.0,138
183.0,137
184.0,136
185.0,142
186.0,142
187.0,142
188.0,140
189.0,140
190.0,146
191.0,146
192.0,144
193.0,142
194.0,142
195.0,149
196.0,145
197.0,144
198.0,144
199.0,143
200.0,150
201.0,148
202.0,148
203.0,146
204.0,145
205.0,152
206.0,151
207.0,149
208.0,149
209.0,148
210.0,154
211.0,151
212.0,151
213.0,150
214.0,150
215.0,155
216.0,152
217.0,152
218.0,150
219.0,150
220.0,157
221.0,156
222.0,155
223.0,153
224.0,152
225.0,159
226.0,157
227.0,156
228.0,154
229.0,153
230.0,159
231.0,158
232.0,158
233.0,157
234.0,157
235.0,163
236.0,162
237.0,161
238.0,161
239.0,160
240.0,166
241.0,164
242.0,163
243.0,162
244.0,160
245.0,165
246.0,164
247.0,163
248.0,163
249.0,162
250.0,168
251.0,168
252.0,166
253.0,166
254.0,165
255.0,172
256.0,170
257.0,169
258.0,166
259.0,166
260.0,170
261.0,170
262.0,169
263.0,168
264.0,167
265.0,172
266.0,172
267.0,172
268.0,171
269.0,169
270.0,174
271.0,173
272.0,172
273.0,172
274.0,169
275.0,175
276.0,175
277.0,174
278.0,172
279.0,171
280.0,178
281.0,177
282.0,176
283.0,175
284.0,173
285.0,178
286.0,178
287.0,178
288.0,175
289.0,174
290.0,179
291.0,179
292.0,177
293.0,177
294.0,176
295.0,182
296.0,179
297.0,179
298.0,177
299.0,177
300.0,184
301.0,182
302.0,179
303.0,179
304.0,178
305.0,184
306.0,183
307.0,183
308.0,181
309.0,181
310.0,187
311.0,187
312.0,185
313.0,184
314.0,183
315.0,188
316.0,187
317.0,186
318.0,186
319.0,182
320.0,189
321.0,187
322.0,185
323.0,185
324.0,185
325.0,190
326.0,188
327.0,188
328.0,187
329.0,186
330.0,191
331.0,190
332.0,189
333.0,188
334.0,186
335.0,193
336.0,192
337.0,191
338.0,189
339.0,188
340.0,195
341.0,192
342.0,192
343.0,192
344.0,190
345.0,195
346.0,195
347.0,194
348.0,193
349.0,192
350.0,197
351.0,197
352.0,195
353.0,195
354.0,195
355.0,200
356.0,199
357.0,196
358.0,196
359.0,195
360.0,201
361.0,200
362.0,198
363.0,197
364.0,195
365.0,202
366.0,201
367.0,200
368.0,199
369.0,198
370.0,204
371.0,203
372.0,201
373.0,198
374.0,198
375.0,203
376.0,202
377.0,201
378.0,200
379.0,198
380.0,202
381.0,201
382.0,200
383.0,199
384.0,198
385.0,204
386.0,204
387.0,202
388.0,201
389.0,200
390.0,206
391.0,204
392.0,204
393.0,202
394.0,201
395.0,206
396.0,203
397.0,201
398.0,201
399.0,200
400.0,206
401.0,205
402.0,203
403.0,202
404.0,201
405.0,206
406.0,205
407.0,204
408.0,203
409.0,201
410.0,206
411.0,205
412.0,205
413.0,204
414.0,202
415.0,209
416.0,209
417.0,207
418.0,207
419.0,207
420.0,212
421.0,211
422.0,209
423.0,208
424.0,207
425.0,213
426.0,212
427.0,210
428.0,209
429.0,207
430.0,212
431.0,212
432.0,210
433.0,209
434.0,208
435.0,213
436.0,213
437.0,211
438.0,210
439.0,209
440.0,214
441.0,212
442.0,212
443.0,211
444.0,209
445.0,214
446.0,211
447.0,210
448.0,210
449.0,208
450.0,212
451.0,212
452.0,210
453.0,209
454.0,208
455.0,213
456.0,210
457.0,210
458.0,208
459.0,207
460.0,213
461.0,211
462.0,210
463.0,209
464.0,208
465.0,215
466.0,213
467.0,212
468.0,211
469.0,210
470.0,216
471.0,214
472.0,212
473.0,212
474.0,211
475.0,218
476.0,216
477.0,215
478.0,214
479.0,213
480.0,219
481.0,218
482.0,218
483.0,215
484.0,215
485.0,220
486.0,218
487.0,216
488.0,214
489.0,213
490.0,218
491.0,217
492.0,215
493.0,215
494.0,213
495.0,219
496.0,218
497.0,216
498.0,216
499.0,214
500.0,217
501.0,215
502.0,213
503.0,213
504.0,212
505.0,214
506.0,214
507.0,211
508.0,211
509.0,210
510.0,213
511.0,212
512.0,209
513.0,209
514.0,207
515.0,209
516.0,207
517.0,206
518.0,205
519.0,204
520.0,207
521.0,206
522.0,206
523.0,204
524.0,203
525.0,206
526.0,204
527.0,203
528.0,201
529.0,199
530.0,201
531.0,200
532.0,199
533.0,198
534.0,196
535.0,200
536.0,200
537.0,199
538.0,198
539.0,197
540.0,198
541.0,198
542.0,198
543.0,196
544.0,196
545.0,199
546.0,198
547.0,196
548.0,195
549.0,194
550.0,198
551.0,196
552.0,194
553.0,192
554.0,191
555.0,194
556.0,193
557.0,192
558.0,191
559.0,190
560.0,192
561.0,192
562.0,190
563.0,189
564.0,188
565.0,192
566.0,190
567.0,189
568.0,187
569.0,187
570.0,189
571.0,189
572.0,187
573.0,186
574.0,185
575.0,188
576.0,186
577.0,185
578.0,183
579.0,183
580.0,187
581.0,185
582.0,183
583.0,182
584.0,181
585.0,184
586.0,184
587.0,184
588.0,182
589.0,182
590.0,184
591.0,181
592.0,180
593.0,180
594.0,178
595.0,182
596.0,180
597.0,178
598.0,177
599.0,175
600.0,178
601.0,178
602.0,176
603.0,176
604.0,175
605.0,177
606.0,176
607.0,176
608.0,175
609.0,172
610.0,174
611.0,172
612.0,172
613.0,170
614.0,169
615.0,173
616.0,172
617.0,170
618.0,170
619.0,169
620.0,172
621.0,172
622.0,171
623.0,170
624.0,170
625.0,173
626.0,173
627.0,171
628.0,171
629.0,169
630.0,172
631.0,171
632.0,170
633.0,168
634.0,168
635.0,172
636.0,171
637.0,169
638.0,167
639.0,167
640.0,170
641.0,170
642.0,168
643.0,168
644.0,167
645.0,171
646.0,169
647.0,169
648.0,167
649.0,165
650.0,168
651.0,168
652.0,167
653.0,166
654.0,166
655.0,170
656.0,168
657.0,167
658.0,167
659.0,167
660.0,167
661.0,165
662.0,164
663.0,164
664.0,163
665.0,166
666.0,166
667.0,164
668.0,163
669.0,162
670.0,166
671.0,163
672.0,163
673.0,162
674.0,162
675.0,165
676.0,164
677.0,163
678.0,162
679.0,161
680.0,164
681.0,164
682.0,162
683.0,161
684.0,161
685.0,163
686.0,162
687.0,162
688.0,162
689.0,160
690.0,164
691.0,162
692.0,161
693.0,161
694.0,160
695.0,162
696.0,161
697.0,160
698.0,159
699.0,158
700.0,159
701.0,158
702.0,156
703.0,155
704.0,154
705.0,157
706.0,155
707.0,155
708.0,155
709.0,153
710.0,157
711.0,156
712.0,156
713.0,155
714.0,152
715.0,155
716.0,154
717.0,153
718.0,153
719.0,152
720.0,156
721.0,155
722.0,155
723.0,154
724.0,153
725.0,156
726.0,156
727.0,155
728.0,155
729.0,153
730.0,156
731.0,155
732.0,154
733.0,151
734.0,151
735.0,155
736.0,153
737.0,152
738.0,151
739.0,149
740.0,153
741.0,153
742.0,151
743.0,150
744.0,149
745.0,152
746.0,151
747.0,150
748.0,149
749.0,148
750.0,150
751.0,149
752.0,149
753.0,149
754.0,147
755.0,150
756.0,149
757.0,149
758.0,147
759.0,147
760.0,151
761.0,150
762.0,148
763.0,147
764.0,147
765.0,150
766.0,149
767.0,149
768.0,148
769.0,148
770.0,149
771.0,148
772.0,148
773.0,146
774.0,146
775.0,149
776.0,149
777.0,147
778.0,147
779.0,145
780.0,149
781.0,148
782.0,146
783.0,146
784.0,145
785.0,148
786.0,148
787.0,146
788.0,146
789.0,144
790.0,147
791.0,147
792.0,147
793.0,146
794.0,145
795.0,149
796.0,149
797.0,148
798.0,148
799.0,147
800.0,151
801.0,150
802.0,150
803.0,147
804.0,146
805.0,150
806.0,149
807.0,147
808.0,147
809.0,145
810.0,149
811.0,147
812.0,147
813.0,146
814.0,144
815.0,147
816.0,147
817.0,145
818.0,145
819.0,144
820.0,146
821.0,145
822.0,145
823.0,144
824.0,144
825.0,146
826.0,146
827.0,145
828.0,144
829.0,142
830.0,145
831.0,145
832.0,144
833.0,143
834.0,142
835.0,145
836.0,145
837.0,142
838.0,142
839.0,142
840.0,145
841.0,144
842.0,144
843.0,144
844.0,143
845.0,146
846.0,146
847.0,146
848.0,145
849.0,144
850.0,147
851.0,146
852.0,145
853.0,143
854.0,142
855.0,145
856.0,142
857.0,141
858.0,140
859.0,138
860.0,142
861.0,141
862.0,141
863.0,140
864.0,139
865.0,143
866.0,142
867.0,140
868.0,139
869.0,139
870.0,142
871.0,140
872.0,140
873.0,138
874.0,137
875.0,140
876.0,138
877.0,137
878.0,137
879.0,136
880.0,139
881.0,138
882.0,138
883.0,137
884.0,135
885.0,139
886.0,138
887.0,137
888.0,136
889.0,136
890.0,138
891.0,138
892.0,138
893.0,138
894.0,136
895.0,138
896.0,137
897.0,137
898.0,135
899.0,135
900.0,139
901.0,138
902.0,137
903.0,135
904.0,135
905.0,137
906.0,136
907.0,135
908.0,133
909.0,132
910.0,136
911.0,136
912.0,135
913.0,133
914.0,133
915.0,136
916.0,135
917.0,134
918.0,133
919.0,133
920.0,136
921.0,135
922.0,134
923.0,134
924.0,133
925.0,136
926.0,136
927.0,135
928.0,133
929.0,132
930.0,136
931.0,134
932.0,133
933.0,133
934.0,132
935.0,134
936.0,134
937.0,134
938.0,133
939.0,132
940.0,136
941.0,136
942.0,135
943.0,134
944.0,133
945.0,137
946.0,137
947.0,135
948.0,135
949.0,134
950.0,137
951.0,136
952.0,135
953.0,134
954.0,133
955.0,136
956.0,136
957.0,135
958.0,134
959.0,133
960.0,136
961.0,136
962.0,134
963.0,134
964.0,133
965.0,137
966.0,136
967.0,136
968.0,135
969.0,134
970.0,136
971.0,136
972.0,136
973.0,135
974.0,134
975.0,138
976.0,137
977.0,137
978.0,135
979.0,134
980.0,138
981.0,137
982.0,136
983.0,135
984.0,133
985.0,137
986.0,136
987.0,134
988.0,133
989.0,132
990.0,136
991.0,134
992.0,134
993.0,133
994.0,133
995.0,135
996.0,135
997.0,134
998.0,133
999.0,132
1000.0,134
1001.0,133
1002.0,133
1003.0,132
1004.0,131
1005.0,133
1006.0,133
1007.0,132
1008.0,130
1009.0,130
1010.0,133
1011.0,131
1012.0,129
1013.0,129
1014.0,127
1015.0,128
1016.0,128
1017.0,127
1018.0,126
1019.0,126
1020.0,128
1021.0,126
1022.0,126
1023.0,125
1024.0,124
1025.0,124
1026.0,124
1027.0,124
1028.0,123
1029.0,123
1030.0,124
1031.0,123
1032.0,123
1033.0,123
1034.0,121
1035.0,124
1036.0,124
1037.0,124
1038.0,122
1039.0,122
1040.0,125
1041.0,125
1042.0,123
1043.0,121
1044.0,121
1045.0,123
1046.0,122
1047.0,121
1048.0,120
1049.0,120
1050.0,121
1051.0,121
1052.0,121
1053.0,120
1054.0,120
1055.0,120
1056.0,120
1057.0,119
1058.0,119
1059.0,119
1060.0,121
1061.0,121
1062.0,121
1063.0,120
1064.0,119
1065.0,122
1066.0,121
1067.0,121
1068.0,119
1069.0,117
1070.0,119
1071.0,118
1072.0,118
1073.0,118
1074.0,116
1075.0,119
1076.0,119
1077.0,119
1078.0,117
1079.0,115
1080.0,117
1081.0,116
1082.0,115
1083.0,114
1084.0,112
1085.0,115
1086.0,113
1087.0,112
1088.0,111
1089.0,109
1090.0,112
1091.0,111
1092.0,111
1093.0,111
1094.0,109
1095.0,112
1096.0,112
1097.0,111
1098.0,111
1099.0,110
1100.0,112
1101.0,111
1102.0,111
1103.0,110
1104.0,108
1105.0,110
1106.0,110
1107.0,109
1108.0,108
1109.0,108
1110.0,109
1111.0,108
1112.0,107
1113.0,107
1114.0,107
1115.0,109
1116.0,109
1117.0,108
1118.0,107
1119.0,106
1120.0,109
1121.0,109
1122.0,108
1123.0,107
1124.0,107
1125.0,109
1126.0,109
1127.0,108
1128.0,107
1129.0,106
1130.0,108
1131.0,108
1132.0,107
1133.0,106
1134.0,105
1135.0,107
1136.0,106
1137.0,106
1138.0,104
1139.0,102
1140.0,105
1141.0,104
1142.0,103
1143.0,102
1144.0,100
1145.0,102
1146.0,100
1147.0,98
1148.0,97
1149.0,97
1150.0,100
1151.0,98
1152.0,98
1153.0,98
1154.0,96
1155.0,98
1156.0,98
1157.0,96
1158.0,95
1159.0,94
1160.0,97
1161.0,95
1162.0,95
1163.0,93
1164.0,93
1165.0,95
1166.0,95
1167.0,95
1168.0,93
1169.0,93
1170.0,94
1171.0,94
1172.0,94
1173.0,93
1174.0,92
1175.0,95
1176.0,95
1177.0,94
1178.0,94
1179.0,92
1180.0,94
1181.0,94
1182.0,93
1183.0,93
1184.0,93
1185.0,95
1186.0,95
1187.0,94
1188.0,93
1189.0,93
1190.0,96
1191.0,94
1192.0,93
1193.0,92
1194.0,92
1195.0,94
1196.0,93
1197.0,90
1198.0,90
1199.0,88
1200.0,91
1201.0,89
1202.0,88
1203.0,88
1204.0,87
1205.0,89
1206.0,89
1207.0,88
1208.0,88
1209.0,86
1210.0,88
1211.0,88
1212.0,87
1213.0,87
1214.0,84
1215.0,87
1216.0,87
1217.0,87
1218.0,87
1219.0,85
1220.0,87
1221.0,87
1222.0,86
1223.0,86
1224.0,86
1225.0,89
1226.0,88
1227.0,87
1228.0,86
1229.0,84
1230.0,86
1231.0,85
1232.0,85
1233.0,83
1234.0,83
1235.0,85
1236.0,85
1237.0,84
1238.0,82
1239.0,82
1240.0,84
1241.0,83
1242.0,83
1243.0,82
1244.0,82
1245.0,85
1246.0,83
1247.0,83
1248.0,82
1249.0,82
1250.0,84
1251.0,83
1252.0,83
1253.0,83
1254.0,82
1255.0,85
1256.0,83
1257.0,83
1258.0,82
1259.0,82
1260.0,85
1261.0,83
1262.0,82
1263.0,81
1264.0,81
1265.0,83
1266.0,81
1267.0,80
1268.0,80
1269.0,79
1270.0,82
1271.0,82
1272.0,81
1273.0,80
1274.0,79
1275.0,81
1276.0,80
1277.0,79
1278.0,79
1279.0,79
1280.0,80
1281.0,80
1282.0,79
1283.0,79
1284.0,78
1285.0,81
1286.0,80
1287.0,79
1288.0,77
1289.0,77
1290.0,80
1291.0,78
1292.0,77
1293.0,77
1294.0,76
1295.0,78
1296.0,78
1297.0,77
1298.0,77
1299.0,77
1300.0,80
1301.0,78
1302.0,76
1303.0,75
1304.0,74
1305.0,76
1306.0,76
1307.0,76
1308.0,75
1309.0,74
1310.0,77
1311.0,76
1312.0,75
1313.0,75
1314.0,74
1315.0,77
1316.0,76
1317.0,75
1318.0,74
1319.0,73
1320.0,76
1321.0,75
1322.0,75
1323.0,74
1324.0,74
1325.0,76
1326.0,74
1327.0,74
1328.0,74
1329.0,73
1330.0,75
1331.0,75
1332.0,74
1333.0,74
1334.0,73
1335.0,75
1336.0,74
1337.0,74
1338.0,74
1339.0,73
1340.0,76
1341.0,74
1342.0,74
1343.0,73
1344.0,72
1345.0,74
1346.0,74
1347.0,74
1348.0,73
1349.0,73
1350.0,75
1351.0,75
1352.0,75
1353.0,73
1354.0,73
1355.0,76
1356.0,76
1357.0,74
1358.0,74
1359.0,73
1360.0,76
1361.0,75
1362.0,74
1363.0,73
1364.0,73
1365.0,75
1366.0,75
1367.0,74
1368.0,74
1369.0,74
1370.0,76
1371.0,75
1372.0,75
1373.0,74
1374.0,74
1375.0,76
1376.0,76
1377.0,75
1378.0,74
1379.0,74
1380.0,77
1381.0,75
1382.0,75
1383.0,73
1384.0,72
1385.0,74
1386.0,74
1387.0,74
1388.0,73
1389.0,73
1390.0,74
1391.0,74
1392.0,74
1393.0,74
1394.0,72
1395.0,74
1396.0,74
1397.0,73
1398.0,73
1399.0,73
1400.0,75
1401.0,75
1402.0,74
1403.0,73
1404.0,72
1405.0,75
1406.0,75
1407.0,75
1408.0,73
1409.0,73
1410.0,76
1411.0,75
1412.0,74
1413.0,74
1414.0,72
1415.0,74
1416.0,73
1417.0,72
1418.0,72
1419.0,72
1420.0,75
1421.0,73
1422.0,73
1423.0,73
1424.0,71
1425.0,74
1426.0,74
1427.0,71
1428.0,71
1429.0,70
1430.0,73
1431.0,71
1432.0,71
1433.0,71
1434.0,69
1435.0,72
1436.0,72
1437.0,71
1438.0,71
1439.0,70
1440.0,72
1441.0,72
1442.0,71
1443.0,71
1444.0,71
1445.0,72
1446.0,72
1447.0,72
1448.0,72
1449.0,71
1450.0,74
1451.0,72
1452.0,71
1453.0,70
1454.0,69
1455.0,72
1456.0,70
1457.0,70
1458.0,69
1459.0,69
1460.0,72
1461.0,71
1462.0,71
1463.0,69
1464.0,68
1465.0,71
1466.0,70
1467.0,69
1468.0,69
1469.0,69
1470.0,71
1471.0,71
1472.0,71
1473.0,69
1474.0,68
1475.0,71
1476.0,71
1477.0,70
1478.0,70
1479.0,69
1480.0,72
1481.0,71
1482.0,71
1483.0,70
1484.0,69
1485.0,72
1486.0,72
1487.0,72
1488.0,71
1489.0,71
1490.0,73
1491.0,73
1492.0,72
1493.0,72
1494.0,72
1495.0,74
1496.0,74
1497.0,73
1498.0,70
1499.0,70
1500.0,72
1501.0,71
1502.0,71
1503.0,70
1504.0,70
1505.0,72
1506.0,72
1507.0,71
1508.0,71
1509.0,69
1510.0,72
1511.0,71
1512.0,70
1513.0,69
1514.0,69
1515.0,71
1516.0,69
1517.0,69
1518.0,68
1519.0,67
1520.0,69
1521.0,69
1522.0,69
1523.0,68
1524.0,68
1525.0,71
1526.0,70
1527.0,69
1528.0,68
1529.0,67
1530.0,70
1531.0,69
1532.0,69
1533.0,68
1534.0,67
1535.0,70
1536.0,69
1537.0,68
1538.0,66
1539.0,66
1540.0,69
1541.0,68
1542.0,68
1543.0,66
1544.0,64
1545.0,66
1546.0,66
1547.0,64
1548.0,64
1549.0,63
1550.0,65
1551.0,65
1552.0,65
1553.0,64
1554.0,64
1555.0,67
1556.0,67
1557.0,66
1558.0,64
1559.0,64
1560.0,67
1561.0,65
1562.0,65
1563.0,64
1564.0,64
1565.0,66
1566.0,65
1567.0,64
1568.0,63
1569.0,63
1570.0,65
1571.0,64
1572.0,64
1573.0,64
1574.0,63
1575.0,66
1576.0,65
1577.0,64
1578.0,64
1579.0,64
1580.0,67
1581.0,64
1582.0,64
1583.0,63
1584.0,63
1585.0,66
1586.0,66
1587.0,65
1588.0,65
1589.0,63
1590.0,66
1591.0,64
1592.0,64
1593.0,64
1594.0,63
1595.0,66
1596.0,65
1597.0,65
1598.0,65
1599.0,64
1600.0,67
1601.0,66
1602.0,66
1603.0,65
1604.0,65
1605.0,67
1606.0,67
1607.0,67
1608.0,66
1609.0,66
1610.0,69
1611.0,68
1612.0,67
1613.0,67
1614.0,65
1615.0,68
1616.0,66
1617.0,65
1618.0,65
1619.0,65
1620.0,67
1621.0,66
1622.0,66
1623.0,65
1624.0,65
1625.0,68
1626.0,68
1627.0,67
1628.0,67
1629.0,66
1630.0,69
1631.0,69
1632.0,69
1633.0,67
1634.0,67
1635.0,70
1636.0,70
1637.0,68
1638.0,68
1639.0,67
1640.0,69
1641.0,69
1642.0,69
1643.0,67
1644.0,67
1645.0,69
1646.0,69
1647.0,69
1648.0,68
1649.0,68
1650.0,71
1651.0,69
1652.0,68
1653.0,68
1654.0,68
1655.0,70
1656.0,70
1657.0,70
1658.0,70
1659.0,69
1660.0,71
1661.0,71
1662.0,70
1663.0,70
1664.0,70
1665.0,72
1666.0,71
1667.0,71
1668.0,69
1669.0,69
1670.0,70
1671.0,69
1672.0,69
1673.0,68
1674.0,67
1675.0,69
1676.0,69
1677.0,69
1678.0,68
1679.0,67
1680.0,69
1681.0,69
1682.0,68
1683.0,67
1684.0,66
1685.0,69
1686.0,69
1687.0,68
1688.0,68
1689.0,67
1690.0,69
1691.0,69
1692.0,68
1693.0,68
1694.0,68
1695.0,70
1696.0,70
1697.0,70
1698.0,69
1699.0,68
1700.0,70
1701.0,69
1702.0,69
1703.0,68
1704.0,67
1705.0,69
1706.0,67
1707.0,66
1708.0,65
1709.0,64
1710.0,66
1711.0,66
1712.0,66
1713.0,65
1714.0,65
1715.0,66
1716.0,66
1717.0,64
1718.0,62
1719.0,61
1720.0,63
1721.0,63
1722.0,63
1723.0,63
1724.0,62
1725.0,63
1726.0,62
1727.0,62
1728.0,61
1729.0,61
1730.0,63
1731.0,63
1732.0,62
1733.0,61
1734.0,61
1735.0,64
1736.0,63
1737.0,62
1738.0,62
1739.0,60
1740.0,63
1741.0,62
1742.0,61
1743.0,61
1744.0,61
1745.0,63
1746.0,62
1747.0,62
1748.0,62
1749.0,61
1750.0,64
1751.0,64
1752.0,64
1753.0,63
1754.0,63
1755.0,65
1756.0,65
1757.0,64
1758.0,62
1759.0,62
1760.0,65
1761.0,63
1762.0,62
1763.0,61
1764.0,60
1765.0,63
1766.0,62
1767.0,60
1768.0,59
1769.0,59
1770.0,61
1771.0,61
1772.0,60
1773.0,60
1774.0,60
1775.0,62
1776.0,62
1777.0,62
1778.0,61
1779.0,61
1780.0,63
1781.0,63
1782.0,62
1783.0,62
1784.0,61
1785.0,63
1786.0,63
1787.0,62
1788.0,61
1789.0,61
1790.0,63
1791.0,63
1792.0,63
1793.0,62
1794.0,59
1795.0,61
1796.0,60
1797.0,60
1798.0,60
1799.0,59
1800.0,62
1801.0,61
1802.0,60
1803.0,59
1804.0,59
1805.0,62
1806.0,62
1807.0,60
1808.0,59
1809.0,58
1810.0,60
1811.0,59
1812.0,59
1813.0,58
1814.0,58
1815.0,60
1816.0,59
1817.0,59
1818.0,58
1819.0,58
1820.0,60
1821.0,59
1822.0,58
1823.0,58
1824.0,57
1825.0,60
1826.0,60
1827.0,60
1828.0,58
1829.0,58
1830.0,61
1831.0,60
1832.0,59
1833.0,59
1834.0,58
1835.0,60
1836.0,60
1837.0,59
1838.0,58
1839.0,58
1840.0,60
1841.0,60
1842.0,59
1843.0,58
1844.0,58
1845.0,60
1846.0,60
1847.0,59
1848.0,58
1849.0,58
1850.0,61
1851.0,60
1852.0,59
1853.0,58
1854.0,56
1855.0,58
1856.0,58
1857.0,57
1858.0,56
1859.0,55
1860.0,58
1861.0,57
1862.0,56
1863.0,56
1864.0,55
1865.0,58
1866.0,57
1867.0,56
1868.0,56
1869.0,55
1870.0,57
1871.0,57
1872.0,57
1873.0,56
1874.0,56
1875.0,58
1876.0,58
1877.0,58
1878.0,57
1879.0,57
1880.0,59
1881.0,58
1882.0,55
1883.0,55
1884.0,54
1885.0,57
1886.0,57
1887.0,57
1888.0,56
1889.0,56
1890.0,59
1891.0,58
1892.0,58
1893.0,57
1894.0,56
1895.0,59
1896.0,58
1897.0,57
1898.0,57
1899.0,56
1900.0,58
1901.0,57
1902.0,56
1903.0,56
1904.0,55
1905.0,58
1906.0,58
1907.0,57
1908.0,57
1909.0,56
1910.0,59
1911.0,58
1912.0,58
1913.0,58
1914.0,56
1915.0,59
1916.0,58
1917.0,57
1918.0,57
1919.0,56
1920.0,58
1921.0,58
1922.0,56
1923.0,56
1924.0,55
1925.0,58
1926.0,58
1927.0,57
1928.0,56
1929.0,56
1930.0,58
1931.0,58
1932.0,57
1933.0,56
1934.0,54
1935.0,56
1936.0,56
1937.0,56
1938.0,54
1939.0,54
1940.0,57
1941.0,56
1942.0,56
1943.0,55
1944.0,55
1945.0,57
1946.0,57
1947.0,57
1948.0,56
1949.0,54
1950.0,57
1951.0,56
1952.0,55
1953.0,53
1954.0,53
1955.0,56
1956.0,55
1957.0,54
1958.0,54
1959.0,53
1960.0,56
1961.0,55
1962.0,55
1963.0,54
1964.0,54
1965.0,54
1966.0,54
1967.0,54
1968.0,53
1969.0,51
1970.0,54
1971.0,53
1972.0,53
1973.0,51
1974.0,51
1975.0,53
1976.0,52
1977.0,51
1978.0,51
1979.0,50
1980.0,52
1981.0,52
1982.0,51
1983.0,51
1984.0,49
1985.0,52
1986.0,51
1987.0,50
1988.0,50
1989.0,49
1990.0,51
1991.0,50
1992.0,49
1993.0,48
1994.0,48
1995.0,50
1996.0,48
1997.0,48
1998.0,47
1999.0,46
2000.0,48
2001.0,48
2002.0,48
2003.0,48
2004.0,47
2005.0,50
2006.0,49
2007.0,49
2008.0,48
2009.0,48
2010.0,51
2011.0,51
2012.0,49
2013.0,48
2014.0,48
2015.0,50
2016.0,50
2017.0,50
2018.0,48
2019.0,48
2020.0,50
2021.0,50
2022.0,49
2023.0,49
2024.0,48
2025.0,51
2026.0,51
2027.0,50
2028.0,50
2029.0,50
2030.0,52
2031.0,52
2032.0,52
2033.0,51
2034.0,51
2035.0,52
2036.0,52
2037.0,52
2038.0,51
2039.0,51
2040.0,54
2041.0,53
2042.0,52
2043.0,51
2044.0,50
2045.0,53
2046.0,52
2047.0,52
2048.0,51
2049.0,49
2050.0,52
2051.0,51
2052.0,50
2053.0,49
2054.0,49
2055.0,51
2056.0,51
2057.0,50
2058.0,49
2059.0,49
2060.0,51
2061.0,51
2062.0,50
2063.0,50
2064.0,50
2065.0,53
2066.0,51
2067.0,50
2068.0,49
2069.0,49
2070.0,52
2071.0,51
2072.0,51
2073.0,49
2074.0,49
2075.0,52
2076.0,50
2077.0,50
2078.0,49
2079.0,48
2080.0,51
2081.0,50
2082.0,48
2083.0,47
2084.0,46
2085.0,49
2086.0,49
2087.0,49
2088.0,48
2089.0,47
2090.0,49
2091.0,49
2092.0,48
2093.0,47
2094.0,47
2095.0,49
2096.0,49
2097.0,49
2098.0,48
2099.0,48
2100.0,50
2101.0,50
2102.0,50
2103.0,48
2104.0,48
2105.0,50
2106.0,49
2107.0,48
2108.0,47
2109.0,47
2110.0,48
2111.0,48
2112.0,47
2113.0,46
2114.0,46
2115.0,48
2116.0,48
2117.0,47
2118.0,47
2119.0,46
2120.0,48
2121.0,47
2122.0,47
2123.0,46
2124.0,45
2125.0,48
2126.0,48
2127.0,48
2128.0,48
2129.0,47
2130.0,50
2131.0,50
2132.0,49
2133.0,48
2134.0,48
2135.0,50
2136.0,50
2137.0,50
2138.0,48
2139.0,47
2140.0,50
2141.0,50
2142.0,49
2143.0,49
2144.0,47
2145.0,50
2146.0,48
2147.0,47
2148.0,47
2149.0,46
2150.0,47
2151.0,47
2152.0,46
2153.0,45
2154.0,44
2155.0,47
2156.0,47
2157.0,46
2158.0,46
2159.0,45
2160.0,48
2161.0,47
2162.0,46
2163.0,45
2164.0,45
2165.0,48
2166.0,46
2167.0,45
2168.0,44
2169.0,44
2170.0,47
2171.0,46
2172.0,45
2173.0,44
2174.0,44
2175.0,46
2176.0,46
2177.0,46
2178.0,45
2179.0,44
2180.0,47
2181.0,46
2182.0,46
2183.0,45
2184.0,45
2185.0,45
2186.0,45
2187.0,45
2188.0,44
2189.0,43
2190.0,46
2191.0,46
2192.0,44
2193.0,44
2194.0,43
2195.0,46
2196.0,46
2197.0,45
2198.0,45
2199.0,45
2200.0,47
2201.0,47
2202.0,46
2203.0,46
2204.0,45
2205.0,46
2206.0,46
2207.0,46
2208.0,45
2209.0,45
2210.0,48
2211.0,45
2212.0,44
2213.0,43
2214.0,42
2215.0,45
2216.0,45
2217.0,44
2218.0,44
2219.0,44
2220.0,47
2221.0,46
2222.0,44
2223.0,44
2224.0,43
2225.0,46
2226.0,46
2227.0,44
2228.0,44
2229.0,43
2230.0,46
2231.0,46
2232.0,45
2233.0,43
2234.0,43
2235.0,46
2236.0,45
2237.0,44
2238.0,44
2239.0,43
2240.0,45
2241.0,43
2242.0,42
2243.0,42
2244.0,42
2245.0,44
2246.0,43
2247.0,43
2248.0,42
2249.0,41
2250.0,43
2251.0,43
2252.0,42
2253.0,42
2254.0,42
2255.0,45
2256.0,44
2257.0,44
2258.0,42
2259.0,42
2260.0,44
2261.0,44
2262.0,44
2263.0,44
2264.0,44
2265.0,46
2266.0,46
2267.0,45
2268.0,45
2269.0,45
2270.0,48
2271.0,46
2272.0,45
2273.0,44
2274.0,44
2275.0,46
2276.0,45
2277.0,45
2278.0,44
2279.0,44
2280.0,47
2281.0,46
2282.0,46
2283.0,45
2284.0,45
2285.0,48
2286.0,47
2287.0,46
2288.0,45
2289.0,44
2290.0,47
2291.0,46
2292.0,46
2293.0,45
2294.0,45
2295.0,48
2296.0,48
2297.0,47
2298.0,46
2299.0,45
2300.0,47
2301.0,45
2302.0,44
2303.0,44
2304.0,44
2305.0,46
2306.0,46
2307.0,45
2308.0,45
2309.0,45
2310.0,47
2311.0,47
2312.0,47
2313.0,46
2314.0,45
2315.0,48
2316.0,48
2317.0,46
2318.0,46
2319.0,46
2320.0,49
2321.0,47
2322.0,47
2323.0,46
2324.0,46
2325.0,48
2326.0,47
2327.0,47
2328.0,47
2329.0,46
2330.0,49
2331.0,48
2332.0,48
2333.0,47
2334.0,46
2335.0,48
2336.0,48
2337.0,48
2338.0,47
2339.0,46
2340.0,48
2341.0,48
2342.0,47
2343.0,46
2344.0,45
2345.0,48
2346.0,48
2347.0,47
2348.0,47
2349.0,46
2350.0,48
2351.0,47
2352.0,47
2353.0,46
2354.0,46
2355.0,48
2356.0,48
2357.0,47
2358.0,47
2359.0,47
2360.0,48
2361.0,48
2362.0,48
2363.0,48
2364.0,47
2365.0,50
2366.0,50
2367.0,50
2368.0,49
2369.0,49
2370.0,52
2371.0,50
2372.0,50
2373.0,49
2374.0,48
2375.0,51
2376.0,50
2377.0,49
2378.0,48
2379.0,47
2380.0,50
2381.0,50
2382.0,50
2383.0,49
2384.0,49
2385.0,51
2386.0,51
2387.0,50
2388.0,50
2389.0,49
2390.0,52
2391.0,52
2392.0,51
2393.0,50
2394.0,50
2395.0,52
2396.0,51
2397.0,51
2398.0,50
2399.0,49
2400.0,52
2401.0,52
2402.0,51
2403.0,51
2404.0,50
2405.0,53
2406.0,52
2407.0,51
2408.0,51
2409.0,50
2410.0,52
2411.0,51
2412.0,50
2413.0,50
2414.0,49
2415.0,51
2416.0,51
2417.0,50
2418.0,49
2419.0,49
2420.0,51
2421.0,51
2422.0,51
2423.0,50
2424.0,49
2425.0,52
2426.0,50
2427.0,50
2428.0,50
2429.0,48
2430.0,51
2431.0,50
2432.0,49
2433.0,49
2434.0,48
2435.0,51
2436.0,49
2437.0,48
2438.0,48
2439.0,47
2440.0,50
2441.0,49
2442.0,49
2443.0,49
2444.0,48
2445.0,51
2446.0,50
2447.0,48
2448.0,48
2449.0,47
2450.0,49
2451.0,48
2452.0,48
2453.0,48
2454.0,47
2455.0,50
2456.0,50
2457.0,49
2458.0,49
2459.0,48
2460.0,50
2461.0,50
2462.0,49
2463.0,49
2464.0,49
2465.0,51
2466.0,51
2467.0,51
2468.0,51
2469.0,50
2470.0,52
2471.0,52
2472.0,52
2473.0,50
2474.0,50
2475.0,53
2476.0,52
2477.0,52
2478.0,51
2479.0,51
2480.0,53
2481.0,53
2482.0,53
2483.0,52
2484.0,51
2485.0,54
2486.0,52
2487.0,51
2488.0,50
2489.0,49
2490.0,51
2491.0,51
2492.0,51
2493.0,51
2494.0,50
2495.0,52
2496.0,51
2497.0,51
2498.0,50
2499.0,49
2500.0,52
2501.0,52
2502.0,51
2503.0,49
2504.0,49
2505.0,51
2506.0,50
2507.0,49
2508.0,49
2509.0,48
2510.0,51
2511.0,50
2512.0,49
2513.0,48
2514.0,48
2515.0,51
2516.0,51
2517.0,50
2518.0,50
2519.0,49
2520.0,51
2521.0,51
2522.0,51
2523.0,50
2524.0,49
2525.0,52
2526.0,51
2527.0,51
2528.0,50
2529.0,50
2530.0,52
2531.0,52
2532.0,52
2533.0,51
2534.0,51
2535.0,54
2536.0,54
2537.0,53
2538.0,51
2539.0,51
2540.0,54
2541.0,54
2542.0,54
2543.0,53
2544.0,52
2545.0,54
2546.0,54
2547.0,53
2548.0,53
2549.0,52
2550.0,55
2551.0,54
2552.0,53
2553.0,52
2554.0,51
2555.0,53
2556.0,53
2557.0,52
2558.0,52
2559.0,51
2560.0,54
2561.0,54
2562.0,53
2563.0,52
2564.0,51
2565.0,53
2566.0,53
2567.0,52
2568.0,52
2569.0,51
2570.0,53
2571.0,53
2572.0,52
2573.0,52
2574.0,51
2575.0,54
2576.0,54
2577.0,53
2578.0,53
2579.0,52
2580.0,54
2581.0,52
2582.0,52
2583.0,51
2584.0,51
2585.0,53
2586.0,52
2587.0,51
2588.0,51
2589.0,51
2590.0,53
2591.0,52
2592.0,52
2593.0,52
2594.0,51
2595.0,54
2596.0,52
2597.0,52
2598.0,50
2599.0,50
2600.0,51
2601.0,51
2602.0,51
2603.0,50
2604.0,49
2605.0,51
2606.0,51
2607.0,50
2608.0,49
2609.0,49
2610.0,52
2611.0,51
2612.0,51
2613.0,51
2614.0,50
2615.0,52
2616.0,52
2617.0,51
2618.0,51
2619.0,51
2620.0,53
2621.0,53
2622.0,52
2623.0,52
2624.0,51
2625.0,53
2626.0,53
2627.0,52
2628.0,52
2629.0,50
2630.0,52
2631.0,52
2632.0,52
2633.0,51
2634.0,51
2635.0,53
2636.0,51
2637.0,51
2638.0,49
2639.0,49
2640.0,52
2641.0,52
2642.0,51
2643.0,50
2644.0,50
2645.0,52
2646.0,51
2647.0,51
2648.0,51
2649.0,50
2650.0,53
2651.0,52
2652.0,52
2653.0,51
2654.0,50
2655.0,51
2656.0,51
2657.0,51
2658.0,50
2659.0,50
2660.0,53
2661.0,51
2662.0,50
2663.0,50
2664.0,50
2665.0,53
2666.0,52
2667.0,51
2668.0,49
2669.0,49
2670.0,51
2671.0,51
2672.0,49
2673.0,48
2674.0,48
2675.0,51
2676.0,50
2677.0,50
2678.0,50
2679.0,49
2680.0,52
2681.0,51
2682.0,50
2683.0,50
2684.0,49
2685.0,52
2686.0,52
2687.0,51
2688.0,51
2689.0,48
2690.0,50
2691.0,49
2692.0,48
2693.0,46
2694.0,46
2695.0,48
2696.0,46
2697.0,46
2698.0,45
2699.0,45
2700.0,48
2701.0,47
2702.0,46
2703.0,44
2704.0,44
2705.0,46
2706.0,46
2707.0,46
2708.0,46
2709.0,45
2710.0,48
2711.0,48
2712.0,47
2713.0,47
2714.0,46
2715.0,49
2716.0,48
2717.0,48
2718.0,47
2719.0,47
2720.0,50
2721.0,49
2722.0,49
2723.0,48
2724.0,47
2725.0,50
2726.0,49
2727.0,49
2728.0,47
2729.0,46
2730.0,48
2731.0,48
2732.0,48
2733.0,47
2734.0,47
2735.0,49
2736.0,49
2737.0,49
2738.0,48
2739.0,48
2740.0,49
2741.0,49
2742.0,49
2743.0,49
2744.0,48
2745.0,51
2746.0,50
2747.0,49
2748.0,49
2749.0,48
2750.0,51
2751.0,50
2752.0,49
2753.0,49
2754.0,47
2755.0,49
2756.0,48
2757.0,48
2758.0,47
2759.0,46
2760.0,49
2761.0,48
2762.0,48
2763.0,47
2764.0,46
2765.0,47
2766.0,47
2767.0,46
2768.0,45
2769.0,45
2770.0,47
2771.0,47
2772.0,46
2773.0,46
2774.0,46
2775.0,48
2776.0,45
2777.0,45
2778.0,43
2779.0,43
2780.0,46
2781.0,46
2782.0,44
2783.0,44
2784.0,43
2785.0,46
2786.0,46
2787.0,45
2788.0,45
2789.0,44
2790.0,47
2791.0,47
2792.0,46
2793.0,46
2794.0,44
2795.0,47
2796.0,45
2797.0,44
2798.0,44
2799.0,43
2800.0,45
2801.0,45
2802.0,44
2803.0,44
2804.0,43
2805.0,46
2806.0,46
2807.0,46
2808.0,45
2809.0,45
2810.0,47
2811.0,46
2812.0,45
2813.0,45
2814.0,43
2815.0,45
2816.0,45
2817.0,44
2818.0,44
2819.0,44
2820.0,46
2821.0,44
2822.0,43
2823.0,43
2824.0,43
2825.0,44
2826.0,44
2827.0,44
2828.0,43
2829.0,43
2830.0,45
2831.0,45
2832.0,43
2833.0,42
2834.0,41
2835.0,44
2836.0,44
2837.0,43
2838.0,42
2839.0,42
2840.0,44
2841.0,43
2842.0,43
2843.0,43
2844.0,41
2845.0,44
2846.0,44
2847.0,43
2848.0,43
2849.0,41
2850.0,43
2851.0,43
2852.0,43
2853.0,42
2854.0,42
2855.0,44
2856.0,44
2857.0,44
2858.0,43
2859.0,43
2860.0,46
2861.0,44
2862.0,44
2863.0,43
2864.0,43
2865.0,46
2866.0,45
2867.0,44
2868.0,43
2869.0,43
2870.0,45
2871.0,45
2872.0,45
2873.0,44
2874.0,44
2875.0,47
2876.0,45
2877.0,45
2878.0,41
2879.0,41
2880.0,44
2881.0,43
2882.0,43
2883.0,42
2884.0,41
2885.0,43
2886.0,43
2887.0,42
2888.0,41
2889.0,40
2890.0,43
2891.0,41
2892.0,41
2893.0,40
2894.0,40
2895.0,43
2896.0,43
2897.0,43
2898.0,42
2899.0,42
2900.0,44
2901.0,44
2902.0,43
2903.0,42
2904.0,42
2905.0,44
2906.0,44
2907.0,44
2908.0,43
2909.0,43
2910.0,46
2911.0,45
2912.0,45
2913.0,44
2914.0,44
2915.0,46
2916.0,45
2917.0,45
2918.0,44
2919.0,43
2920.0,45
2921.0,45
2922.0,45
2923.0,45
2924.0,45
2925.0,47
2926.0,47
2927.0,47
2928.0,47
2929.0,47
2930.0,49
2931.0,48
2932.0,48
2933.0,47
2934.0,47
2935.0,49
2936.0,49
2937.0,48
2938.0,47
2939.0,46
2940.0,48
2941.0,48
2942.0,48
2943.0,46
2944.0,45
2945.0,48
2946.0,47
2947.0,47
2948.0,46
2949.0,46
2950.0,49
2951.0,48
2952.0,47
2953.0,45
2954.0,45
2955.0,46
2956.0,46
2957.0,45
2958.0,45
2959.0,44
2960.0,47
2961.0,46
2962.0,45
2963.0,45
2964.0,44
2965.0,46
2966.0,46
2967.0,46
2968.0,45
2969.0,45
2970.0,48
2971.0,47
2972.0,47
2973.0,46
2974.0,46
2975.0,49
2976.0,49
2977.0,48
2978.0,47
2979.0,46
2980.0,48
2981.0,48
2982.0,48
2983.0,47
2984.0,46
2985.0,49
2986.0,49
2987.0,48
2988.0,47
2989.0,46
2990.0,48
2991.0,48
2992.0,48
2993.0,48
2994.0,47
2995.0,48
2996.0,48
2997.0,47
2998.0,47
2999.0,47
3000.0,48
3001.0,48
3002.0,48
3003.0,48
3004.0,47
3005.0,50
3006.0,50
3007.0,49
3008.0,49
3009.0,49
3010.0,51
3011.0,51
3012.0,50
3013.0,50
3014.0,50
3015.0,52
3016.0,50
3017.0,50
3018.0,50
3019.0,49
3020.0,51
3021.0,48
3022.0,48
3023.0,48
3024.0,47
3025.0,50
3026.0,49
3027.0,49
3028.0,47
3029.0,46
3030.0,49
3031.0,47
3032.0,46
3033.0,46
3034.0,45
3035.0,48
3036.0,47
3037.0,45
3038.0,44
3039.0,44
3040.0,45
3041.0,45
3042.0,45
3043.0,44
3044.0,44
3045.0,45
3046.0,45
3047.0,44
3048.0,44
3049.0,43
3050.0,46
3051.0,45
3052.0,45
3053.0,44
3054.0,44
3055.0,47
3056.0,46
3057.0,45
3058.0,45
3059.0,44
3060.0,47
3061.0,47
3062.0,45
3063.0,45
3064.0,44
3065.0,47
3066.0,46
3067.0,45
3068.0,45
3069.0,45
3070.0,47
3071.0,46
3072.0,46
3073.0,45
3074.0,45
3075.0,47
3076.0,46
3077.0,45
3078.0,45
3079.0,44
3080.0,46
3081.0,46
3082.0,46
3083.0,45
3084.0,45
3085.0,48
3086.0,47
3087.0,47
3088.0,47
3089.0,46
3090.0,49
3091.0,49
3092.0,48
3093.0,46
3094.0,46
3095.0,49
3096.0,47
3097.0,47
3098.0,45
3099.0,44
3100.0,47
3101.0,46
3102.0,45
3103.0,45
3104.0,44
3105.0,46
3106.0,46
3107.0,44
3108.0,42
3109.0,42
3110.0,44
3111.0,44
3112.0,43
3113.0,43
3114.0,43
3115.0,45
3116.0,44
3117.0,42
3118.0,42
3119.0,42
3120.0,44
3121.0,43
3122.0,43
3123.0,42
3124.0,42
3125.0,44
3126.0,44
3127.0,43
3128.0,43
3129.0,42
3130.0,44
3131.0,44
3132.0,43
3133.0,43
3134.0,42
3135.0,45
3136.0,44
3137.0,43
3138.0,43
3139.0,43
3140.0,45
3141.0,45
3142.0,44
3143.0,43
3144.0,41
3145.0,44
3146.0,43
3147.0,43
3148.0,42
3149.0,42
3150.0,44
3151.0,44
3152.0,44
3153.0,44
3154.0,43
3155.0,45
3156.0,45
3157.0,45
3158.0,44
3159.0,43
3160.0,46
3161.0,45
3162.0,44
3163.0,43
3164.0,42
3165.0,45
3166.0,44
3167.0,44
3168.0,43
3169.0,42
3170.0,45
3171.0,43
3172.0,42
3173.0,41
3174.0,41
3175.0,44
3176.0,42
3177.0,41
3178.0,41
3179.0,40
3180.0,43
3181.0,42
3182.0,41
3183.0,40
3184.0,40
3185.0,43
3186.0,42
3187.0,41
3188.0,41
3189.0,39
3190.0,42
3191.0,42
3192.0,41
3193.0,40
3194.0,40
3195.0,42
3196.0,42
3197.0,41
3198.0,41
3199.0,41
3200.0,43
3201.0,43
3202.0,43
3203.0,42
3204.0,42
3205.0,45
3206.0,43
3207.0,43
3208.0,43
3209.0,42
3210.0,45
3211.0,45
3212.0,45
3213.0,44
3214.0,44
3215.0,47
3216.0,46
3217.0,46
3218.0,45
3219.0,45
3220.0,48
3221.0,47
3222.0,46
3223.0,45
3224.0,45
3225.0,47
3226.0,46
3227.0,46
3228.0,45
3229.0,45
3230.0,48
3231.0,47
3232.0,46
3233.0,46
3234.0,45
3235.0,48
3236.0,47
3237.0,47
3238.0,46
3239.0,46
3240.0,48
3241.0,48
3242.0,47
3243.0,47
3244.0,46
3245.0,48
3246.0,48
3247.0,47
3248.0,47
3249.0,46
3250.0,48
3251.0,47
3252.0,47
3253.0,46
3254.0,46
3255.0,48
3256.0,48
3257.0,48
3258.0,48
3259.0,47
3260.0,50
3261.0,48
3262.0,48
3263.0,47
3264.0,47
3265.0,49
3266.0,49
3267.0,48
3268.0,48
3269.0,48
3270.0,50
3271.0,49
3272.0,49
3273.0,48
3274.0,48
3275.0,50
3276.0,49
3277.0,49
3278.0,48
3279.0,48
3280.0,50
3281.0,49
3282.0,48
3283.0,47
3284.0,47
3285.0,49
3286.0,49
3287.0,48
3288.0,48
3289.0,47
3290.0,50
3291.0,48
3292.0,47
3293.0,47
3294.0,46
3295.0,49
3296.0,48
3297.0,48
3298.0,47
3299.0,47
3300.0,49
3301.0,48
3302.0,47
3303.0,47
3304.0,46
3305.0,49
3306.0,48
3307.0,48
3308.0,47
3309.0,47
3310.0,48
3311.0,48
3312.0,48
3313.0,48
3314.0,47
3315.0,49
3316.0,48
3317.0,47
3318.0,47
3319.0,47
3320.0,49
3321.0,49
3322.0,49
3323.0,48
3324.0,48
3325.0,50
3326.0,50
3327.0,49
3328.0,48
3329.0,47
3330.0,50
3331.0,49
3332.0,49
3333.0,47
3334.0,46
3335.0,48
3336.0,48
3337.0,48
3338.0,47
3339.0,47
3340.0,50
3341.0,49
3342.0,49
3343.0,47
3344.0,45
3345.0,47
3346.0,46
3347.0,45
3348.0,45
3349.0,42
3350.0,45
3351.0,44
3352.0,44
3353.0,43
3354.0,43
3355.0,45
3356.0,45
3357.0,44
3358.0,44
3359.0,43
3360.0,46
3361.0,46
3362.0,46
3363.0,44
3364.0,44
3365.0,47
3366.0,45
3367.0,44
3368.0,44
3369.0,43
3370.0,46
3371.0,46
3372.0,46
3373.0,45
3374.0,43
3375.0,46
3376.0,46
3377.0,45
3378.0,45
3379.0,44
3380.0,47
3381.0,47
3382.0,47
3383.0,46
3384.0,46
3385.0,49
3386.0,48
3387.0,48
3388.0,47
3389.0,46
3390.0,48
3391.0,47
3392.0,47
3393.0,47
3394.0,46
3395.0,49
3396.0,49
3397.0,48
3398.0,48
3399.0,48
3400.0,51
3401.0,50
3402.0,49
3403.0,48
3404.0,47
3405.0,49
3406.0,49
3407.0,47
3408.0,47
3409.0,47
3410.0,49
3411.0,47
3412.0,46
3413.0,46
3414.0,45
3415.0,47
3416.0,47
3417.0,47
3418.0,46
3419.0,45
3420.0,48
3421.0,47
3422.0,47
3423.0,47
3424.0,45
3425.0,46
3426.0,46
3427.0,45
3428.0,45
3429.0,44
3430.0,47
3431.0,46
3432.0,46
3433.0,46
3434.0,45
3435.0,48
3436.0,48
3437.0,47
3438.0,47
3439.0,47
3440.0,48
3441.0,47
3442.0,46
3443.0,45
3444.0,45
3445.0,48
3446.0,47
3447.0,46
3448.0,45
3449.0,45
3450.0,47
3451.0,47
3452.0,46
3453.0,46
3454.0,46
3455.0,48
3456.0,48
3457.0,47
3458.0,47
3459.0,47
3460.0,49
3461.0,49
3462.0,49
3463.0,48
3464.0,48
3465.0,50
3466.0,50
3467.0,50
3468.0,48
3469.0,48
3470.0,51
3471.0,50
3472.0,49
3473.0,48
3474.0,48
3475.0,51
3476.0,48
3477.0,48
3478.0,47
3479.0,46
3480.0,47
3481.0,46
3482.0,45
3483.0,45
3484.0,44
3485.0,47
3486.0,47
3487.0,45
3488.0,45
3489.0,45
3490.0,47
3491.0,47
3492.0,47
3493.0,46
3494.0,46
3495.0,48
3496.0,47
3497.0,47
3498.0,47
3499.0,46
3500.0,48
3501.0,48
3502.0,48
3503.0,47
3504.0,46
3505.0,48
3506.0,48
3507.0,47
3508.0,47
3509.0,46
3510.0,48
3511.0,48
3512.0,47
3513.0,47
3514.0,46
3515.0,47
3516.0,47
3517.0,47
3518.0,44
3519.0,44
3520.0,46
3521.0,45
3522.0,45
3523.0,44
3524.0,44
3525.0,45
3526.0,45
3527.0,45
3528.0,44
3529.0,43
3530.0,45
3531.0,44
3532.0,43
3533.0,42
3534.0,42
3535.0,44
3536.0,43
3537.0,43
3538.0,42
3539.0,41
3540.0,43
3541.0,42
3542.0,41
3543.0,41
3544.0,41
3545.0,42
3546.0,42
3547.0,42
3548.0,42
3549.0,40
3550.0,42
3551.0,42
3552.0,41
3553.0,41
3554.0,40
3555.0,42
3556.0,42
3557.0,41
3558.0,41
3559.0,41
3560.0,42
3561.0,42
3562.0,42
3563.0,42
3564.0,41
3565.0,43
3566.0,43
3567.0,43
3568.0,42
3569.0,42
3570.0,44
3571.0,44
3572.0,44
3573.0,43
3574.0,43
3575.0,45
3576.0,44
3577.0,43
3578.0,42
3579.0,42
3580.0,43
3581.0,43
3582.0,43
3583.0,42
3584.0,42
3585.0,43
3586.0,43
3587.0,43
3588.0,42
3589.0,41
3590.0,42
3591.0,42
3592.0,42
3593.0,40
3594.0,40
3595.0,41
3596.0,41
3597.0,41
3598.0,40
3599.0,39
3600.0,40
3601.0,40
3602.0,40
3603.0,39
3604.0,39
3605.0,41
3606.0,41
3607.0,40
3608.0,40
3609.0,40
3610.0,42
3611.0,41
3612.0,39
3613.0,39
3614.0,38
3615.0,40
3616.0,38
3617.0,38
3618.0,37
3619.0,37
3620.0,38
3621.0,38
3622.0,38
3623.0,37
3624.0,36
3625.0,38
3626.0,37
3627.0,37
3628.0,36
3629.0,36
3630.0,37
3631.0,37
3632.0,37
3633.0,37
3634.0,37
3635.0,38
3636.0,38
3637.0,37
3638.0,37
3639.0,37
3640.0,39
3641.0,39
3642.0,39
3643.0,38
3644.0,38
3645.0,39
3646.0,39
3647.0,39
3648.0,39
3649.0,38
3650.0,39
3651.0,39
3652.0,38
3653.0,38
3654.0,38
3655.0,39
3656.0,38
3657.0,38
3658.0,37
3659.0,37
3660.0,39
3661.0,38
3662.0,38
3663.0,37
3664.0,37
3665.0,39
3666.0,39
3667.0,39
3668.0,38
3669.0,38
3670.0,40
3671.0,38
3672.0,38
3673.0,37
3674.0,37
3675.0,39
3676.0,38
3677.0,38
3678.0,37
3679.0,37
3680.0,38
3681.0,38
3682.0,38
3683.0,37
3684.0,37
3685.0,39
3686.0,38
3687.0,38
3688.0,37
3689.0,37
3690.0,39
3691.0,38
3692.0,38
3693.0,38
3694.0,37
3695.0,39
3696.0,39
3697.0,38
3698.0,38
3699.0,38
3700.0,40
3701.0,39
3702.0,39
3703.0,38
3704.0,38
3705.0,39
3706.0,39
3707.0,39
3708.0,39
3709.0,39
3710.0,40
3711.0,40
3712.0,40
3713.0,40
3714.0,40
3715.0,42
3716.0,42
3717.0,41
3718.0,39
3719.0,39
3720.0,40
3721.0,40
3722.0,40
3723.0,40
3724.0,40
3725.0,41
3726.0,41
3727.0,41
3728.0,41
3729.0,41
3730.0,42
3731.0,41
3732.0,40
3733.0,40
3734.0,39
3735.0,41
3736.0,41
3737.0,41
3738.0,41
3739.0,41
3740.0,42
3741.0,42
3742.0,42
3743.0,41
3744.0,41
3745.0,42
3746.0,42
3747.0,42
3748.0,41
3749.0,41
3750.0,43
3751.0,43
3752.0,42
3753.0,42
3754.0,42
3755.0,44
3756.0,43
3757.0,42
3758.0,41
3759.0,41
3760.0,43
3761.0,42
3762.0,42
3763.0,42
3764.0,40
3765.0,41
3766.0,40
3767.0,40
3768.0,39
3769.0,39
3770.0,41
3771.0,40
3772.0,40
3773.0,40
3774.0,39
3775.0,40
3776.0,40
3777.0,40
3778.0,39
3779.0,39
3780.0,41
3781.0,41
3782.0,41
3783.0,41
3784.0,39
3785.0,41
3786.0,41
3787.0,40
3788.0,40
3789.0,40
3790.0,41
3791.0,41
3792.0,41
3793.0,41
3794.0,41
3795.0,43
3796.0,42
3797.0,41
3798.0,41
3799.0,41
3800.0,42
3801.0,41
3802.0,41
3803.0,41
3804.0,40
3805.0,41
3806.0,41
3807.0,40
3808.0,40
3809.0,40
3810.0,42
3811.0,41
3812.0,41
3813.0,41
3814.0,40
3815.0,42
3816.0,42
3817.0,42
3818.0,41
3819.0,40
3820.0,42
3821.0,42
3822.0,42
3823.0,42
3824.0,41
3825.0,43
3826.0,42
3827.0,41
3828.0,41
3829.0,40
3830.0,42
3831.0,42
3832.0,41
3833.0,40
3834.0,40
3835.0,41
3836.0,41
3837.0,41
3838.0,40
3839.0,40
3840.0,41
3841.0,41
3842.0,41
3843.0,41
3844.0,41
3845.0,43
3846.0,42
3847.0,42
3848.0,42
3849.0,41
3850.0,43
3851.0,43
3852.0,43
3853.0,42
3854.0,42
3855.0,44
3856.0,44
3857.0,43
3858.0,42
3859.0,41
3860.0,43
3861.0,42
3862.0,41
3863.0,41
3864.0,41
3865.0,43
3866.0,42
3867.0,42
3868.0,41
3869.0,40
3870.0,42
3871.0,42
3872.0,41
3873.0,41
3874.0,41
3875.0,42
3876.0,42
3877.0,41
3878.0,41
3879.0,40
3880.0,42
3881.0,42
3882.0,41
3883.0,40
3884.0,40
3885.0,41
3886.0,41
3887.0,41
3888.0,41
3889.0,41
3890.0,41
3891.0,41
3892.0,41
3893.0,41
3894.0,40
3895.0,42
3896.0,42
3897.0,41
3898.0,41
3899.0,41
3900.0,43
3901.0,42
3902.0,41
3903.0,41
3904.0,40
3905.0,41
3906.0,41
3907.0,41
3908.0,40
3909.0,40
3910.0,41
3911.0,41
3912.0,41
3913.0,40
3914.0,40
3915.0,42
3916.0,41
3917.0,40
3918.0,40
3919.0,39
3920.0,41
3921.0,41
3922.0,40
3923.0,40
3924.0,40
3925.0,42
3926.0,42
3927.0,41
3928.0,41
3929.0,40
3930.0,42
3931.0,42
3932.0,41
3933.0,41
3934.0,40
3935.0,42
3936.0,41
3937.0,41
3938.0,41
3939.0,40
3940.0,42
3941.0,42
3942.0,42
3943.0,41
3944.0,41
3945.0,43
3946.0,42
3947.0,41
3948.0,41
3949.0,40
3950.0,42
3951.0,41
3952.0,41
3953.0,40
3954.0,40
3955.0,42
3956.0,41
3957.0,41
3958.0,41
3959.0,40
3960.0,42
3961.0,42
3962.0,41
3963.0,41
3964.0,40
3965.0,42
3966.0,41
3967.0,41
3968.0,41
3969.0,40
3970.0,42
3971.0,41
3972.0,41
3973.0,40
3974.0,40
3975.0,42
3976.0,42
3977.0,41
3978.0,41
3979.0,40
3980.0,42
3981.0,42
3982.0,41
3983.0,41
3984.0,40
3985.0,42
3986.0,42
3987.0,41
3988.0,41
3989.0,41
3990.0,43
3991.0,42
3992.0,42
3993.0,42
3994.0,41
3995.0,43
3996.0,43
3997.0,42
3998.0,41
3999.0,41
4000.0,42
4001.0,42
4002.0,42
4003.0,42
4004.0,41
4005.0,43
4006.0,42
4007.0,41
4008.0,41
4009.0,41
4010.0,42
4011.0,41
4012.0,41
4013.0,40
4014.0,40
4015.0,41
4016.0,41
4017.0,41
4018.0,41
4019.0,40
4020.0,41
4021.0,40
4022.0,40
4023.0,39
4024.0,39
4025.0,40
4026.0,40
4027.0,40
4028.0,39
4029.0,39
4030.0,40
4031.0,40
4032.0,39
4033.0,39
4034.0,39
4035.0,41
4036.0,41
4037.0,40
4038.0,40
4039.0,39
4040.0,40
4041.0,40
4042.0,40
4043.0,40
4044.0,40
4045.0,41
4046.0,41
4047.0,40
4048.0,40
4049.0,40
4050.0,42
4051.0,41
4052.0,40
4053.0,39
4054.0,39
4055.0,40
4056.0,40
4057.0,39
4058.0,39
4059.0,39
4060.0,41
4061.0,41
4062.0,41
4063.0,40
4064.0,40
4065.0,41
4066.0,40
4067.0,39
4068.0,39
4069.0,39
4070.0,39
4071.0,39
4072.0,39
4073.0,39
4074.0,39
4075.0,41
4076.0,40
4077.0,39
4078.0,39
4079.0,39
4080.0,40
4081.0,40
4082.0,40
4083.0,39
4084.0,38
4085.0,40
4086.0,40
4087.0,39
4088.0,39
4089.0,38
4090.0,40
4091.0,40
4092.0,40
4093.0,40
4094.0,39
4095.0,41
4096.0,41
4097.0,40
4098.0,40
4099.0,40
4100.0,42
4101.0,41
4102.0,41
4103.0,40
4104.0,40
4105.0,42
4106.0,40
4107.0,40
4108.0,39
4109.0,39
4110.0,41
4111.0,41
4112.0,41
4113.0,40
4114.0,39
4115.0,41
4116.0,41
4117.0,40
4118.0,40
4119.0,39
4120.0,41
4121.0,41
4122.0,41
4123.0,41
4124.0,41
4125.0,42
4126.0,42
4127.0,42
4128.0,42
4129.0,42
4130.0,43
4131.0,43
4132.0,42
4133.0,42
4134.0,41
4135.0,43
4136.0,43
4137.0,42
4138.0,41
4139.0,41
4140.0,43
4141.0,41
4142.0,41
4143.0,41
4144.0,40
4145.0,42
4146.0,42
4147.0,41
4148.0,41
4149.0,40
4150.0,42
4151.0,42
4152.0,41
4153.0,41
4154.0,41
4155.0,42
4156.0,42
4157.0,42
4158.0,42
4159.0,41
4160.0,43
4161.0,43
4162.0,43
4163.0,42
4164.0,42
4165.0,44
4166.0,43
4167.0,43
4168.0,43
4169.0,42
4170.0,44
4171.0,44
4172.0,44
4173.0,43
4174.0,43
4175.0,45
4176.0,44
4177.0,43
4178.0,43
4179.0,42
4180.0,44
4181.0,44
4182.0,43
4183.0,43
4184.0,43
4185.0,44
4186.0,44
4187.0,44
4188.0,44
4189.0,43
4190.0,45
4191.0,45
4192.0,45
4193.0,45
4194.0,43
4195.0,45
4196.0,45
4197.0,45
4198.0,43
4199.0,43
4200.0,45
4201.0,45
4202.0,45
4203.0,43
4204.0,43
4205.0,45
4206.0,44
4207.0,43
4208.0,43
4209.0,43
4210.0,44
4211.0,44
4212.0,44
4213.0,43
4214.0,43
4215.0,44
4216.0,44
4217.0,43
4218.0,43
4219.0,43
4220.0,44
4221.0,44
4222.0,44
4223.0,43
4224.0,43
4225.0,44
4226.0,44
4227.0,44
4228.0,43
4229.0,43
4230.0,45
4231.0,45
4232.0,44
4233.0,44
4234.0,44
4235.0,45
4236.0,45
4237.0,45
4238.0,44
4239.0,44
4240.0,44
4241.0,44
4242.0,44
4243.0,44
4244.0,42
4245.0,44
4246.0,43
4247.0,43
4248.0,42
4249.0,42
4250.0,43
4251.0,43
4252.0,43
4253.0,43
4254.0,42
4255.0,44
4256.0,44
4257.0,43
4258.0,43
4259.0,43
4260.0,45
4261.0,45
4262.0,44
4263.0,43
4264.0,42
4265.0,44
4266.0,44
4267.0,43
4268.0,43
4269.0,42
4270.0,44
4271.0,42
4272.0,42
4273.0,41
4274.0,41
4275.0,42
4276.0,42
4277.0,41
4278.0,41
4279.0,41
4280.0,43
4281.0,43
4282.0,43
4283.0,42
4284.0,42
4285.0,44
4286.0,44
4287.0,43
4288.0,43
4289.0,42
4290.0,44
4291.0,43
4292.0,43
4293.0,43
4294.0,42
4295.0,44
4296.0,44
4297.0,43
4298.0,43
4299.0,43
4300.0,44
4301.0,44
4302.0,43
4303.0,43
4304.0,43
4305.0,45
4306.0,45
4307.0,43
4308.0,43
4309.0,43
4310.0,44
4311.0,44
4312.0,44
4313.0,44
4314.0,44
4315.0,45
4316.0,44
4317.0,43
4318.0,43
4319.0,42
4320.0,44
4321.0,44
4322.0,42
4323.0,41
4324.0,41
4325.0,42
4326.0,42
4327.0,42
4328.0,41
4329.0,41
4330.0,42
4331.0,42
4332.0,42
4333.0,41
4334.0,40
4335.0,42
4336.0,42
4337.0,41
4338.0,41
4339.0,41
4340.0,43
4341.0,43
4342.0,42
4343.0,41
4344.0,41
4345.0,42
4346.0,41
4347.0,41
4348.0,40
4349.0,40
4350.0,41
4351.0,40
4352.0,40
4353.0,39
4354.0,39
4355.0,41
4356.0,40
4357.0,40
4358.0,39
4359.0,39
4360.0,40
4361.0,40
4362.0,40
4363.0,40
4364.0,40
4365.0,41
4366.0,40
4367.0,39
4368.0,37
4369.0,37
4370.0,39
4371.0,37
4372.0,37
4373.0,37
4374.0,37
4375.0,38
4376.0,38
4377.0,38
4378.0,36
4379.0,36
4380.0,38
4381.0,37
4382.0,36
4383.0,36
4384.0,36
4385.0,38
4386.0,38
4387.0,38
4388.0,37
4389.0,37
4390.0,39
4391.0,38
4392.0,38
4393.0,38
4394.0,37
4395.0,39
4396.0,39
4397.0,38
4398.0,38
4399.0,37
4400.0,39
4401.0,39
4402.0,39
4403.0,39
4404.0,38
4405.0,40
4406.0,40
4407.0,40
4408.0,39
4409.0,39
4410.0,41
4411.0,41
4412.0,41
4413.0,39
4414.0,39
4415.0,41
4416.0,40
4417.0,40
4418.0,40
4419.0,39
4420.0,41
4421.0,40
4422.0,39
4423.0,39
4424.0,38
4425.0,40
4426.0,40
4427.0,39
4428.0,39
4429.0,39
4430.0,40
4431.0,39
4432.0,39
4433.0,39
4434.0,39
4435.0,40
4436.0,40
4437.0,39
4438.0,39
4439.0,39
4440.0,41
4441.0,40
4442.0,39
4443.0,39
4444.0,39
4445.0,40
4446.0,40
4447.0,39
4448.0,38
4449.0,37
4450.0,39
4451.0,38
4452.0,38
4453.0,38
4454.0,37
4455.0,39
4456.0,39
4457.0,39
4458.0,38
4459.0,38
4460.0,40
4461.0,40
4462.0,39
4463.0,39
4464.0,39
4465.0,41
4466.0,41
4467.0,40
4468.0,40
4469.0,39
4470.0,41
4471.0,40
4472.0,39
4473.0,39
4474.0,39
4475.0,40
4476.0,39
4477.0,39
4478.0,38
4479.0,38
4480.0,40
4481.0,39
4482.0,38
4483.0,38
4484.0,38
4485.0,40
4486.0,40
4487.0,39
4488.0,39
4489.0,37
4490.0,39
4491.0,39
4492.0,38
4493.0,38
4494.0,38
4495.0,39
4496.0,39
4497.0,39
4498.0,38
4499.0,38
4500.0,39
4501.0,39
4502.0,38
4503.0,38
4504.0,38
4505.0,38
4506.0,38
4507.0,38
4508.0,38
4509.0,38
4510.0,38
4511.0,37
4512.0,36
4513.0,35
4514.0,35
4515.0,36
4516.0,35
4517.0,34
4518.0,33
4519.0,33
4520.0,33
4521.0,33
4522.0,33
4523.0,32
4524.0,31
4525.0,32
4526.0,32
4527.0,32
4528.0,32
4529.0,31
4530.0,32
4531.0,32
4532.0,31
4533.0,31
4534.0,31
4535.0,32
4536.0,32
4537.0,32
4538.0,32
4539.0,31
4540.0,31
4541.0,31
4542.0,31
4543.0,30
4544.0,29
4545.0,30
4546.0,30
4547.0,30
4548.0,29
4549.0,29
4550.0,29
4551.0,29
4552.0,29
4553.0,29
4554.0,28
4555.0,29
4556.0,29
4557.0,29
4558.0,29
4559.0,28
4560.0,29
4561.0,29
4562.0,29
4563.0,29
4564.0,29
4565.0,29
4566.0,29
4567.0,28
4568.0,28
4569.0,28
4570.0,29
4571.0,29
4572.0,27
4573.0,27
4574.0,27
4575.0,27
4576.0,27
4577.0,27
4578.0,27
4579.0,27
4580.0,27
4581.0,27
4582.0,27
4583.0,27
4584.0,27
4585.0,27
4586.0,27
4587.0,27
4588.0,27
4589.0,27
4590.0,28
4591.0,28
4592.0,27
4593.0,27
4594.0,26
4595.0,27
4596.0,27
4597.0,27
4598.0,27
4599.0,27
4600.0,27
4601.0,25
4602.0,24
4603.0,24
4604.0,24
4605.0,25
4606.0,25
4607.0,25
4608.0,24
4609.0,24
4610.0,25
4611.0,24
4612.0,24
4613.0,23
4614.0,23
4615.0,24
4616.0,24
4617.0,23
4618.0,23
4619.0,23
4620.0,24
4621.0,24
4622.0,23
4623.0,23
4624.0,23
4625.0,24
4626.0,24
4627.0,23
4628.0,23
4629.0,23
4630.0,23
4631.0,23
4632.0,23
4633.0,22
4634.0,22
4635.0,23
4636.0,23
4637.0,23
4638.0,23
4639.0,22
4640.0,23
4641.0,23
4642.0,23
4643.0,23
4644.0,23
4645.0,23
4646.0,23
4647.0,23
4648.0,23
4649.0,23
4650.0,24
4651.0,24
4652.0,24
4653.0,24
4654.0,23
4655.0,24
4656.0,24
4657.0,24
4658.0,24
4659.0,24
4660.0,24
4661.0,24
4662.0,24
4663.0,24
4664.0,24
4665.0,25
4666.0,23
4667.0,23
4668.0,23
4669.0,22
4670.0,23
4671.0,22
4672.0,22
4673.0,21
4674.0,21
4675.0,22
4676.0,21
4677.0,21
4678.0,21
4679.0,21
4680.0,22
4681.0,21
4682.0,21
4683.0,21
4684.0,21
4685.0,22
4686.0,22
4687.0,21
4688.0,21
4689.0,21
4690.0,21
4691.0,21
4692.0,21
4693.0,21
4694.0,21
4695.0,22
4696.0,22
4697.0,22
4698.0,22
4699.0,21
4700.0,22
4701.0,22
4702.0,22
4703.0,22
4704.0,22
4705.0,23
4706.0,23
4707.0,22
4708.0,21
4709.0,21
4710.0,22
4711.0,22
4712.0,22
4713.0,22
4714.0,21
4715.0,22
4716.0,21
4717.0,21
4718.0,21
4719.0,20
4720.0,21
4721.0,21
4722.0,21
4723.0,21
4724.0,21
4725.0,22
4726.0,22
4727.0,21
4728.0,20
4729.0,20
4730.0,21
4731.0,20
4732.0,19
4733.0,19
4734.0,19
4735.0,20
4736.0,19
4737.0,19
4738.0,19
4739.0,19
4740.0,20
4741.0,20
4742.0,19
4743.0,19
4744.0,19
4745.0,20
4746.0,20
4747.0,19
4748.0,19
4749.0,19
4750.0,20
4751.0,20
4752.0,19
4753.0,19
4754.0,19
4755.0,20
4756.0,20
4757.0,20
4758.0,19
4759.0,19
4760.0,20
4761.0,20
4762.0,20
4763.0,20
4764.0,19
4765.0,20
4766.0,20
4767.0,20
4768.0,20
4769.0,20
4770.0,21
4771.0,20
4772.0,20
4773.0,20
4774.0,20
4775.0,21
4776.0,20
4777.0,20
4778.0,18
4779.0,18
4780.0,19
4781.0,18
4782.0,17
4783.0,17
4784.0,17
4785.0,18
4786.0,18
4787.0,17
4788.0,17
4789.0,17
4790.0,18
4791.0,18
4792.0,18
4793.0,17
4794.0,17
4795.0,18
4796.0,18
4797.0,18
4798.0,18
4799.0,17
4800.0,18
4801.0,18
4802.0,17
4803.0,17
4804.0,17
4805.0,18
4806.0,17
4807.0,17
4808.0,17
4809.0,17
4810.0,17
4811.0,17
4812.0,17
4813.0,17
4814.0,17
4815.0,18
4816.0,17
4817.0,17
4818.0,17
4819.0,16
4820.0,16
4821.0,16
4822.0,16
4823.0,16
4824.0,16
4825.0,17
4826.0,16
4827.0,15
4828.0,15
4829.0,15
4830.0,16
4831.0,16
4832.0,16
4833.0,15
4834.0,15
4835.0,16
4836.0,16
4837.0,15
4838.0,15
4839.0,15
4840.0,16
4841.0,16
4842.0,15
4843.0,14
4844.0,14
4845.0,15
4846.0,15
4847.0,15
4848.0,15
4849.0,14
4850.0,15
4851.0,15
4852.0,15
4853.0,15
4854.0,15
4855.0,16
4856.0,15
4857.0,15
4858.0,15
4859.0,15
4860.0,15
4861.0,15
4862.0,15
4863.0,15
4864.0,15
4865.0,16
4866.0,16
4867.0,15
4868.0,15
4869.0,14
4870.0,15
4871.0,15
4872.0,15
4873.0,15
4874.0,15
4875.0,16
4876.0,16
4877.0,15
4878.0,14
4879.0,14
4880.0,15
4881.0,15
4882.0,15
4883.0,15
4884.0,15
4885.0,15
4886.0,15
4887.0,15
4888.0,15
4889.0,15
4890.0,15
4891.0,15
4892.0,15
4893.0,15
4894.0,15
4895.0,16
4896.0,16
4897.0,15
4898.0,15
4899.0,15
4900.0,15
4901.0,15
4902.0,15
4903.0,15
4904.0,14
4905.0,15
4906.0,14
4907.0,13
4908.0,13
4909.0,12
4910.0,13
4911.0,13
4912.0,13
4913.0,13
4914.0,13
4915.0,14
4916.0,13
4917.0,12
4918.0,12
4919.0,12
4920.0,13
4921.0,13
4922.0,13
4923.0,12
4924.0,12
4925.0,13
4926.0,13
4927.0,12
4928.0,12
4929.0,12
4930.0,13
4931.0,13
4932.0,13
4933.0,12
4934.0,12
4935.0,13
4936.0,13
4937.0,13
4938.0,13
4939.0,13
4940.0,13
4941.0,13
4942.0,13
4943.0,13
4944.0,13
4945.0,14
4946.0,14
4947.0,13
4948.0,13
4949.0,13
4950.0,14
4951.0,14
4952.0,14
4953.0,13
4954.0,13
4955.0,14
4956.0,13
4957.0,12
4958.0,11
4959.0,11
4960.0,12
4961.0,12
4962.0,12
4963.0,12
4964.0,11
4965.0,12
4966.0,12
4967.0,11
4968.0,11
4969.0,11
4970.0,12
4971.0,12
4972.0,11
4973.0,11
4974.0,11
4975.0,12
4976.0,11
4977.0,11
4978.0,11
4979.0,10
4980.0,11
4981.0,11
4982.0,11
4983.0,10
4984.0,10
4985.0,11
4986.0,11
4987.0,11
4988.0,11
4989.0,11
4990.0,11
4991.0,11
4992.0,11
4993.0,11
4994.0,11
4995.0,12
4996.0,12
4997.0,12
4998.0,12
4999.0,11
5000.0,12
5001.0,12
5002.0,12
5003.0,12
5004.0,11
5005.0,12
5006.0,12
5007.0,12
5008.0,12
5009.0,11
5010.0,12
5011.0,12
5012.0,12
5013.0,11
5014.0,11
5015.0,12
5016.0,12
5017.0,12
5018.0,12
5019.0,12
5020.0,13
5021.0,12
5022.0,12
5023.0,12
5024.0,11
5025.0,12
5026.0,12
5027.0,12
5028.0,11
5029.0,11
5030.0,12
5031.0,12
5032.0,12
5033.0,11
5034.0,11
5035.0,12
5036.0,12
5037.0,11
5038.0,11
5039.0,11
5040.0,12
5041.0,12
5042.0,12
5043.0,11
5044.0,11
5045.0,12
5046.0,12
5047.0,11
5048.0,11
5049.0,11
5050.0,12
5051.0,11
5052.0,11
5053.0,11
5054.0,10
5055.0,11
5056.0,11
5057.0,11
5058.0,11
5059.0,11
5060.0,12
5061.0,11
5062.0,11
5063.0,11
5064.0,11
5065.0,11
5066.0,11
5067.0,11
5068.0,11
5069.0,11
5070.0,12
5071.0,11
5072.0,11
5073.0,10
5074.0,10
5075.0,11
5076.0,11
5077.0,11
5078.0,11
5079.0,11
5080.0,11
5081.0,11
5082.0,11
5083.0,11
5084.0,11
5085.0,11
5086.0,11
5087.0,11
5088.0,11
5089.0,11
5090.0,12
5091.0,12
5092.0,12
5093.0,12
5094.0,12
5095.0,12
5096.0,12
5097.0,12
5098.0,12
5099.0,12
5100.0,13
5101.0,13
5102.0,13
5103.0,12
5104.0,12
5105.0,12
5106.0,12
5107.0,12
5108.0,11
5109.0,11
5110.0,12
5111.0,12
5112.0,12
5113.0,12
5114.0,12
5115.0,12
5116.0,12
5117.0,12
5118.0,12
5119.0,12
5120.0,12
5121.0,12
5122.0,12
5123.0,12
5124.0,12
5125.0,13
5126.0,13
5127.0,13
5128.0,13
5129.0,13
5130.0,13
5131.0,13
5132.0,13
5133.0,13
5134.0,13
5135.0,13
5136.0,13
5137.0,13
5138.0,13
5139.0,12
5140.0,13
5141.0,13
5142.0,12
5143.0,12
5144.0,11
5145.0,12
5146.0,11
5147.0,11
5148.0,11
5149.0,11
5150.0,12
5151.0,10
5152.0,9
5153.0,9
5154.0,8
5155.0,9
5156.0,9
5157.0,9
5158.0,9
5159.0,9
5160.0,9
5161.0,9
5162.0,9
5163.0,9
5164.0,9
5165.0,10
5166.0,10
5167.0,9
5168.0,9
5169.0,9
5170.0,10
5171.0,10
5172.0,10
5173.0,9
5174.0,9
5175.0,10
5176.0,10
5177.0,9
5178.0,9
5179.0,8
5180.0,9
5181.0,9
5182.0,9
5183.0,9
5184.0,9
5185.0,9
5186.0,9
5187.0,9
5188.0,9
5189.0,9
5190.0,10
5191.0,10
5192.0,10
5193.0,10
5194.0,9
5195.0,10
5196.0,10
5197.0,10
5198.0,10
5199.0,9
5200.0,10
5201.0,10
5202.0,10
5203.0,10
5204.0,9
5205.0,9
5206.0,9
5207.0,9
5208.0,9
5209.0,9
5210.0,9
5211.0,9
5212.0,9
5213.0,9
5214.0,9
5215.0,10
5216.0,10
5217.0,10
5218.0,10
5219.0,9
5220.0,10
5221.0,10
5222.0,10
5223.0,10
5224.0,9
5225.0,10
5226.0,10
5227.0,10
5228.0,10
5229.0,10
5230.0,10
5231.0,10
5232.0,10
5233.0,10
5234.0,9
5235.0,10
5236.0,10
5237.0,10
5238.0,9
5239.0,9
5240.0,10
5241.0,10
5242.0,10
5243.0,10
5244.0,10
5245.0,11
5246.0,10
5247.0,10
5248.0,9
5249.0,9
5250.0,10
5251.0,10
5252.0,9
5253.0,8
5254.0,8
5255.0,9
5256.0,9
5257.0,8
5258.0,8
5259.0,8
5260.0,8
5261.0,8
5262.0,8
5263.0,8
5264.0,8
5265.0,9
5266.0,9
5267.0,9
5268.0,9
5269.0,8
5270.0,9
5271.0,9
5272.0,9
5273.0,9
5274.0,8
5275.0,9
5276.0,9
5277.0,9
5278.0,9
5279.0,9
5280.0,9
5281.0,9
5282.0,9
5283.0,9
5284.0,9
5285.0,10
5286.0,9
5287.0,9
5288.0,9
5289.0,9
5290.0,10
5291.0,9
5292.0,8
5293.0,8
5294.0,8
5295.0,8
5296.0,8
5297.0,8
5298.0,7
5299.0,7
5300.0,8
5301.0,8
5302.0,8
5303.0,8
5304.0,8
5305.0,8
5306.0,8
5307.0,8
5308.0,8
5309.0,8
5310.0,9
5311.0,9
5312.0,9
5313.0,9
5314.0,8
5315.0,9
5316.0,9
5317.0,9
5318.0,8
5319.0,8
5320.0,9
5321.0,9
5322.0,8
5323.0,8
5324.0,8
5325.0,8
5326.0,8
5327.0,8
5328.0,8
5329.0,8
5330.0,9
5331.0,9
5332.0,9
5333.0,8
5334.0,8
5335.0,9
5336.0,9
5337.0,9
5338.0,8
5339.0,8
5340.0,9
5341.0,9
5342.0,9
5343.0,8
5344.0,8
5345.0,9
5346.0,8
5347.0,8
5348.0,8
5349.0,8
5350.0,9
5351.0,8
5352.0,8
5353.0,8
5354.0,8
5355.0,8
5356.0,8
5357.0,8
5358.0,8
5359.0,8
5360.0,9
5361.0,8
5362.0,8
5363.0,7
5364.0,7
5365.0,8
5366.0,8
5367.0,8
5368.0,8
5369.0,8
5370.0,8
5371.0,8
5372.0,8
5373.0,8
5374.0,8
5375.0,8
5376.0,8
5377.0,8
5378.0,8
5379.0,8
5380.0,9
5381.0,9
5382.0,9
5383.0,9
5384.0,8
5385.0,9
5386.0,9
5387.0,9
5388.0,9
5389.0,9
5390.0,10
5391.0,9
5392.0,8
5393.0,8
5394.0,7
5395.0,8
5396.0,8
5397.0,8
5398.0,8
5399.0,8
5400.0,8
5401.0,8
5402.0,8
5403.0,8
5404.0,8
5405.0,9
5406.0,8
5407.0,8
5408.0,8
5409.0,8
5410.0,9
5411.0,8
5412.0,8
5413.0,8
5414.0,7
5415.0,8
5416.0,8
5417.0,8
5418.0,7
5419.0,7
5420.0,8
5421.0,8
5422.0,8
5423.0,8
5424.0,8
5425.0,8
5426.0,8
5427.0,8
5428.0,8
5429.0,8
5430.0,9
5431.0,9
5432.0,9
5433.0,8
5434.0,8
5435.0,9
5436.0,9
5437.0,8
5438.0,8
5439.0,8
5440.0,9
5441.0,9
5442.0,8
5443.0,7
5444.0,7
5445.0,8
5446.0,8
5447.0,8
5448.0,8
5449.0,8
5450.0,8
5451.0,8
5452.0,8
5453.0,8
5454.0,8
5455.0,9
5456.0,9
5457.0,9
5458.0,8
5459.0,8
5460.0,9
5461.0,9
5462.0,9
5463.0,8
5464.0,8
5465.0,9
5466.0,9
5467.0,9
5468.0,8
5469.0,8
5470.0,8
5471.0,8
5472.0,8
5473.0,8
5474.0,8
5475.0,9
5476.0,9
5477.0,8
5478.0,8
5479.0,8
5480.0,9
5481.0,9
5482.0,8
5483.0,8
5484.0,8
5485.0,9
5486.0,8
5487.0,7
5488.0,7
5489.0,7
5490.0,8
5491.0,8
5492.0,8
5493.0,7
5494.0,7
5495.0,8
5496.0,8
5497.0,8
5498.0,8
5499.0,7
5500.0,7
5501.0,7
5502.0,7
5503.0,7
5504.0,7
5505.0,7
5506.0,6
5507.0,6
5508.0,6
5509.0,6
5510.0,6
5511.0,6
5512.0,6
5513.0,6
5514.0,6
5515.0,6
5516.0,5
5517.0,5
5518.0,5
5519.0,5
5520.0,5
5521.0,5
5522.0,5
5523.0,5
5524.0,5
5525.0,5
5526.0,5
5527.0,5
5528.0,5
5529.0,4
5530.0,4
5531.0,4
5532.0,3
5533.0,3
5534.0,3
5535.0,3
5536.0,3
5537.0,3
5538.0,3
5539.0,3
5540.0,3
5541.0,3
5542.0,3
5543.0,3
5544.0,3
5545.0,3
5546.0,3
5547.0,3
5548.0,3
5549.0,3
5550.0,3
5551.0,3
5552.0,3
5553.0,3
5554.0,3
5555.0,3
5556.0,3
5557.0,3
5558.0,3
5559.0,3
5560.0,3
5561.0,3
5562.0,3
5563.0,3
5564.0,3
5565.0,3
5566.0,3
5567.0,3
5568.0,3
5569.0,3
5570.0,3
5571.0,3
5572.0,3
5573.0,3
5574.0,3
5575.0,3
5576.0,3
5577.0,3
5578.0,3
5579.0,3
5580.0,3
5581.0,3
5582.0,3
5583.0,3
5584.0,3
5585.0,3
5586.0,3
5587.0,3
5588.0,3
5589.0,3
5590.0,3
5591.0,3
5592.0,3
5593.0,3
5594.0,3
5595.0,3
5596.0,3
5597.0,3
5598.0,3
5599.0,3
5600.0,3
5601.0,3
5602.0,3
5603.0,3
5604.0,3
5605.0,3
5606.0,3
5607.0,3
5608.0,3
5609.0,3
5610.0,3
5611.0,3
5612.0,3
5613.0,3
5614.0,3
5615.0,3
5616.0,3
5617.0,3
5618.0,3
5619.0,3
5620.0,3
5621.0,3
5622.0,3
5623.0,3
5624.0,3
5625.0,3
5626.0,3
5627.0,3
5628.0,3
5629.0,3
5630.0,3
5631.0,3
5632.0,3
5633.0,3
5634.0,3
5635.0,3
5636.0,3
5637.0,3
5638.0,3
5639.0,3
5640.0,3
5641.0,3
5642.0,3
5643.0,3
5644.0,3
5645.0,3
5646.0,3
5647.0,3
5648.0,3
5649.0,3
5650.0,3
5651.0,3
5652.0,3
5653.0,3
5654.0,3
5655.0,3
5656.0,3
5657.0,3
5658.0,3
5659.0,3
5660.0,3
5661.0,3
5662.0,3
5663.0,3
5664.0,3
5665.0,3
5666.0,3
5667.0,3
5668.0,3
5669.0,3
5670.0,3
5671.0,3
5672.0,3
5673.0,3
5674.0,3
5675.0,3
5676.0,3
5677.0,3
5678.0,3
5679.0,3
5680.0,3
5681.0,3
5682.0,3
5683.0,3
5684.0,3
5685.0,3
5686.0,3
5687.0,3
5688.0,3
5689.0,3
5690.0,3
5691.0,3
5692.0,3
5693.0,3
5694.0,3
5695.0,3
5696.0,3
5697.0,3
5698.0,3
5699.0,3
5700.0,3
5701.0,3
5702.0,3
5703.0,3
5704.0,3
5705.0,3
5706.0,3
5707.0,3
5708.0,3
5709.0,3
5710.0,3
5711.0,3
5712.0,3
5713.0,3
5714.0,3
5715.0,3
5716.0,3
5717.0,3
5718.0,3
5719.0,3
5720.0,3
5721.0,3
5722.0,3
5723.0,3
5724.0,3
5725.0,3
5726.0,3
5727.0,3
5728.0,3
5729.0,3
5730.0,3
5731.0,3
5732.0,3
5733.0,3
5734.0,3
5735.0,3
5736.0,3
5737.0,3
5738.0,3
5739.0,3
5740.0,3
5741.0,3
5742.0,3
5743.0,3
5744.0,3
5745.0,3
5746.0,3
5747.0,3
5748.0,3
5749.0,3
5750.0,3
5751.0,3
5752.0,3
5753.0,3
5754.0,3
5755.0,2
5756.0,2
5757.0,2
5758.0,2
5759.0,2
5760.0,2
5761.0,2
5762.0,2
5763.0,2
5764.0,2
5765.0,2
5766.0,2
5767.0,2
5768.0,2
5769.0,2
5770.0,2
5771.0,2
5772.0,2
5773.0,2
5774.0,2
5775.0,2
5776.0,2
5777.0,2
5778.0,2
5779.0,2
5780.0,2
5781.0,2
5782.0,2
5783.0,2
5784.0,2
5785.0,2
5786.0,2
5787.0,2
5788.0,2
5789.0,2
5790.0,2
5791.0,2
5792.0,2
5793.0,2
5794.0,2
5795.0,2
5796.0,2
5797.0,2
5798.0,2
5799.0,2
5800.0,2
5801.0,2
5802.0,2
5803.0,2
5804.0,2
5805.0,2
5806.0,1
5807.0,1
5808.0,1
5809.0,1
5810.0,1
5811.0,1
5812.0,1
5813.0,1
5814.0,1
5815.0,1
5816.0,1
5817.0,1
5818.0,1
5819.0,1
5820.0,1
5821.0,1
5822.0,1
5823.0,1
5824.0,1
5825.0,1
5826.0,1
5827.0,1
5828.0,1
5829.0,1
5830.0,1
5831.0,1
5832.0,1
5833.0,1
5834.0,1
5835.0,1
5836.0,1
5837.0,1
5838.0,1
5839.0,1
5840.0,1
5841.0,1
5842.0,1
5843.0,1
5844.0,1
5845.0,1
5846.0,1
5847.0,1
5848.0,1
5849.0,1
5850.0,1
5851.0,1
5852.0,1
5853.0,1
5854.0,1
5855.0,1
5856.0,1
5857.0,1
5858.0,1
5859.0,1
5860.0,1
5861.0,1
5862.0,1
5863.0,1
5864.0,1
5865.0,1
5866.0,1
5867.0,1
5868.0,1
5869.0,0
